Comunidad autónoma;Sexo;periodo;Total
TOTAL;Ambos sexos;2023;13,73
TOTAL;Ambos sexos;2022;13,94
TOTAL;Ambos sexos;2021;13,32
TOTAL;Ambos sexos;2020;16,04
TOTAL;Ambos sexos;2019;17,29
TOTAL;Ambos sexos;2018;17,95
TOTAL;Ambos sexos;2017;18,28
TOTAL;Ambos sexos;2016;18,98
TOTAL;Ambos sexos;2015;19,96
TOTAL;Ambos sexos;2014;21,91
TOTAL;Ambos sexos;2013;23,57
TOTAL;Ambos sexos;2012;24,73
TOTAL;Ambos sexos;2011;26,32
TOTAL;Ambos sexos;2010;28,18
TOTAL;Ambos sexos;2009;30,89
TOTAL;Ambos sexos;2008;31,70
TOTAL;Ambos sexos;2007;30,81
TOTAL;Ambos sexos;2006;30,28
TOTAL;Ambos sexos;2005;30,97
TOTAL;Ambos sexos;2004;32,18
TOTAL;Ambos sexos;2003;31,71
TOTAL;Ambos sexos;2002;30,91
TOTAL;Hombres;2023;16,03
TOTAL;Hombres;2022;16,68
TOTAL;Hombres;2021;16,70
TOTAL;Hombres;2020;20,22
TOTAL;Hombres;2019;21,39
TOTAL;Hombres;2018;21,74
TOTAL;Hombres;2017;21,85
TOTAL;Hombres;2016;22,74
TOTAL;Hombres;2015;24,03
TOTAL;Hombres;2014;25,60
TOTAL;Hombres;2013;27,18
TOTAL;Hombres;2012;28,88
TOTAL;Hombres;2011;31,04
TOTAL;Hombres;2010;33,55
TOTAL;Hombres;2009;37,40
TOTAL;Hombres;2008;38,05
TOTAL;Hombres;2007;36,63
TOTAL;Hombres;2006;36,71
TOTAL;Hombres;2005;36,96
TOTAL;Hombres;2004;39,00
TOTAL;Hombres;2003;38,42
TOTAL;Hombres;2002;37,20
TOTAL;Mujeres;2023;11,29
TOTAL;Mujeres;2022;11,05
TOTAL;Mujeres;2021;9,72
TOTAL;Mujeres;2020;11,63
TOTAL;Mujeres;2019;12,98
TOTAL;Mujeres;2018;14,02
TOTAL;Mujeres;2017;14,54
TOTAL;Mujeres;2016;15,05
TOTAL;Mujeres;2015;15,79
TOTAL;Mujeres;2014;18,06
TOTAL;Mujeres;2013;19,79
TOTAL;Mujeres;2012;20,46
TOTAL;Mujeres;2011;21,47
TOTAL;Mujeres;2010;22,63
TOTAL;Mujeres;2009;24,11
TOTAL;Mujeres;2008;25,15
TOTAL;Mujeres;2007;24,74
TOTAL;Mujeres;2006;23,61
TOTAL;Mujeres;2005;24,70
TOTAL;Mujeres;2004;25,00
TOTAL;Mujeres;2003;24,76
TOTAL;Mujeres;2002;24,31
Andalucía;Ambos sexos;2023;16,86
Andalucía;Ambos sexos;2022;15,50
Andalucía;Ambos sexos;2021;17,67
Andalucía;Ambos sexos;2020;21,84
Andalucía;Ambos sexos;2019;21,63
Andalucía;Ambos sexos;2018;21,90
Andalucía;Ambos sexos;2017;23,49
Andalucía;Ambos sexos;2016;23,11
Andalucía;Ambos sexos;2015;24,92
Andalucía;Ambos sexos;2014;27,66
Andalucía;Ambos sexos;2013;28,75
Andalucía;Ambos sexos;2012;28,77
Andalucía;Ambos sexos;2011;32,14
Andalucía;Ambos sexos;2010;34,64
Andalucía;Ambos sexos;2009;37,19
Andalucía;Ambos sexos;2008;37,93
Andalucía;Ambos sexos;2007;37,12
Andalucía;Ambos sexos;2006;37,97
Andalucía;Ambos sexos;2005;38,05
Andalucía;Ambos sexos;2004;39,35
Andalucía;Ambos sexos;2003;38,43
Andalucía;Ambos sexos;2002;37,03
Andalucía;Hombres;2023;20,80
Andalucía;Hombres;2022;18,75
Andalucía;Hombres;2021;20,83
Andalucía;Hombres;2020;26,70
Andalucía;Hombres;2019;26,07
Andalucía;Hombres;2018;26,00
Andalucía;Hombres;2017;28,69
Andalucía;Hombres;2016;26,98
Andalucía;Hombres;2015;28,93
Andalucía;Hombres;2014;31,04
Andalucía;Hombres;2013;31,85
Andalucía;Hombres;2012;33,71
Andalucía;Hombres;2011;37,21
Andalucía;Hombres;2010;40,47
Andalucía;Hombres;2009;44,17
Andalucía;Hombres;2008;43,24
Andalucía;Hombres;2007;42,83
Andalucía;Hombres;2006;44,58
Andalucía;Hombres;2005;43,95
Andalucía;Hombres;2004;45,51
Andalucía;Hombres;2003;44,50
Andalucía;Hombres;2002;43,55
Andalucía;Mujeres;2023;12,60
Andalucía;Mujeres;2022;12,04
Andalucía;Mujeres;2021;14,31
Andalucía;Mujeres;2020;16,77
Andalucía;Mujeres;2019;16,94
Andalucía;Mujeres;2018;17,64
Andalucía;Mujeres;2017;17,99
Andalucía;Mujeres;2016;19,02
Andalucía;Mujeres;2015;20,76
Andalucía;Mujeres;2014;24,16
Andalucía;Mujeres;2013;25,48
Andalucía;Mujeres;2012;23,65
Andalucía;Mujeres;2011;26,83
Andalucía;Mujeres;2010;28,47
Andalucía;Mujeres;2009;29,72
Andalucía;Mujeres;2008;32,38
Andalucía;Mujeres;2007;31,24
Andalucía;Mujeres;2006;31,16
Andalucía;Mujeres;2005;31,93
Andalucía;Mujeres;2004;32,85
Andalucía;Mujeres;2003;32,15
Andalucía;Mujeres;2002;30,25
Aragón;Ambos sexos;2023;10,76
Aragón;Ambos sexos;2022;12,49
Aragón;Ambos sexos;2021;12,97
Aragón;Ambos sexos;2020;14,24
Aragón;Ambos sexos;2019;14,61
Aragón;Ambos sexos;2018;15,76
Aragón;Ambos sexos;2017;16,35
Aragón;Ambos sexos;2016;19,08
Aragón;Ambos sexos;2015;19,46
Aragón;Ambos sexos;2014;18,43
Aragón;Ambos sexos;2013;18,89
Aragón;Ambos sexos;2012;20,42
Aragón;Ambos sexos;2011;22,76
Aragón;Ambos sexos;2010;23,75
Aragón;Ambos sexos;2009;25,02
Aragón;Ambos sexos;2008;25,78
Aragón;Ambos sexos;2007;25,55
Aragón;Ambos sexos;2006;24,60
Aragón;Ambos sexos;2005;23,36
Aragón;Ambos sexos;2004;23,81
Aragón;Ambos sexos;2003;23,62
Aragón;Ambos sexos;2002;27,25
Aragón;Hombres;2023;11,31
Aragón;Hombres;2022;15,82
Aragón;Hombres;2021;16,49
Aragón;Hombres;2020;19,14
Aragón;Hombres;2019;20,69
Aragón;Hombres;2018;18,11
Aragón;Hombres;2017;17,56
Aragón;Hombres;2016;24,44
Aragón;Hombres;2015;19,96
Aragón;Hombres;2014;18,61
Aragón;Hombres;2013;17,53
Aragón;Hombres;2012;20,15
Aragón;Hombres;2011;27,82
Aragón;Hombres;2010;27,65
Aragón;Hombres;2009;30,23
Aragón;Hombres;2008;31,84
Aragón;Hombres;2007;31,42
Aragón;Hombres;2006;31,28
Aragón;Hombres;2005;30,67
Aragón;Hombres;2004;32,31
Aragón;Hombres;2003;33,36
Aragón;Hombres;2002;32,66
Aragón;Mujeres;2023;10,18
Aragón;Mujeres;2022;8,83
Aragón;Mujeres;2021;8,86
Aragón;Mujeres;2020;9,11
Aragón;Mujeres;2019;7,97
Aragón;Mujeres;2018;13,18
Aragón;Mujeres;2017;15,02
Aragón;Mujeres;2016;13,50
Aragón;Mujeres;2015;18,95
Aragón;Mujeres;2014;18,24
Aragón;Mujeres;2013;20,42
Aragón;Mujeres;2012;20,69
Aragón;Mujeres;2011;17,78
Aragón;Mujeres;2010;19,94
Aragón;Mujeres;2009;19,81
Aragón;Mujeres;2008;19,33
Aragón;Mujeres;2007;19,42
Aragón;Mujeres;2006;17,67
Aragón;Mujeres;2005;15,51
Aragón;Mujeres;2004;14,99
Aragón;Mujeres;2003;13,56
Aragón;Mujeres;2002;21,24
Asturias, Principado de;Ambos sexos;2023;10,46
Asturias, Principado de;Ambos sexos;2022;11,87
Asturias, Principado de;Ambos sexos;2021;12,24
Asturias, Principado de;Ambos sexos;2020;8,94
Asturias, Principado de;Ambos sexos;2019;12,42
Asturias, Principado de;Ambos sexos;2018;12,55
Asturias, Principado de;Ambos sexos;2017;14,75
Asturias, Principado de;Ambos sexos;2016;16,58
Asturias, Principado de;Ambos sexos;2015;16,82
Asturias, Principado de;Ambos sexos;2014;13,56
Asturias, Principado de;Ambos sexos;2013;19,09
Asturias, Principado de;Ambos sexos;2012;19,84
Asturias, Principado de;Ambos sexos;2011;21,88
Asturias, Principado de;Ambos sexos;2010;22,24
Asturias, Principado de;Ambos sexos;2009;21,27
Asturias, Principado de;Ambos sexos;2008;20,03
Asturias, Principado de;Ambos sexos;2007;23,10
Asturias, Principado de;Ambos sexos;2006;23,10
Asturias, Principado de;Ambos sexos;2005;20,48
Asturias, Principado de;Ambos sexos;2004;26,87
Asturias, Principado de;Ambos sexos;2003;29,30
Asturias, Principado de;Ambos sexos;2002;22,87
Asturias, Principado de;Hombres;2023;12,54
Asturias, Principado de;Hombres;2022;12,60
Asturias, Principado de;Hombres;2021;14,67
Asturias, Principado de;Hombres;2020;10,95
Asturias, Principado de;Hombres;2019;14,75
Asturias, Principado de;Hombres;2018;14,77
Asturias, Principado de;Hombres;2017;18,93
Asturias, Principado de;Hombres;2016;15,98
Asturias, Principado de;Hombres;2015;15,96
Asturias, Principado de;Hombres;2014;15,92
Asturias, Principado de;Hombres;2013;21,58
Asturias, Principado de;Hombres;2012;25,14
Asturias, Principado de;Hombres;2011;27,09
Asturias, Principado de;Hombres;2010;26,79
Asturias, Principado de;Hombres;2009;24,87
Asturias, Principado de;Hombres;2008;27,26
Asturias, Principado de;Hombres;2007;30,14
Asturias, Principado de;Hombres;2006;32,16
Asturias, Principado de;Hombres;2005;25,63
Asturias, Principado de;Hombres;2004;32,26
Asturias, Principado de;Hombres;2003;32,45
Asturias, Principado de;Hombres;2002;27,93
Asturias, Principado de;Mujeres;2023;8,18
Asturias, Principado de;Mujeres;2022;11,08
Asturias, Principado de;Mujeres;2021;9,56
Asturias, Principado de;Mujeres;2020;6,78
Asturias, Principado de;Mujeres;2019;9,96
Asturias, Principado de;Mujeres;2018;10,28
Asturias, Principado de;Mujeres;2017;10,82
Asturias, Principado de;Mujeres;2016;17,18
Asturias, Principado de;Mujeres;2015;17,66
Asturias, Principado de;Mujeres;2014;11,15
Asturias, Principado de;Mujeres;2013;16,35
Asturias, Principado de;Mujeres;2012;14,60
Asturias, Principado de;Mujeres;2011;16,48
Asturias, Principado de;Mujeres;2010;17,46
Asturias, Principado de;Mujeres;2009;17,37
Asturias, Principado de;Mujeres;2008;12,39
Asturias, Principado de;Mujeres;2007;15,51
Asturias, Principado de;Mujeres;2006;13,90
Asturias, Principado de;Mujeres;2005;15,16
Asturias, Principado de;Mujeres;2004;21,43
Asturias, Principado de;Mujeres;2003;26,09
Asturias, Principado de;Mujeres;2002;17,53
Balears, Illes;Ambos sexos;2023;18,03
Balears, Illes;Ambos sexos;2022;17,29
Balears, Illes;Ambos sexos;2021;15,37
Balears, Illes;Ambos sexos;2020;21,30
Balears, Illes;Ambos sexos;2019;24,16
Balears, Illes;Ambos sexos;2018;24,36
Balears, Illes;Ambos sexos;2017;26,55
Balears, Illes;Ambos sexos;2016;26,83
Balears, Illes;Ambos sexos;2015;26,71
Balears, Illes;Ambos sexos;2014;32,07
Balears, Illes;Ambos sexos;2013;29,76
Balears, Illes;Ambos sexos;2012;28,93
Balears, Illes;Ambos sexos;2011;29,67
Balears, Illes;Ambos sexos;2010;36,46
Balears, Illes;Ambos sexos;2009;40,33
Balears, Illes;Ambos sexos;2008;42,47
Balears, Illes;Ambos sexos;2007;42,08
Balears, Illes;Ambos sexos;2006;35,96
Balears, Illes;Ambos sexos;2005;39,70
Balears, Illes;Ambos sexos;2004;42,15
Balears, Illes;Ambos sexos;2003;41,41
Balears, Illes;Ambos sexos;2002;39,90
Balears, Illes;Hombres;2023;20,48
Balears, Illes;Hombres;2022;21,10
Balears, Illes;Hombres;2021;18,70
Balears, Illes;Hombres;2020;29,37
Balears, Illes;Hombres;2019;28,06
Balears, Illes;Hombres;2018;26,95
Balears, Illes;Hombres;2017;32,44
Balears, Illes;Hombres;2016;34,94
Balears, Illes;Hombres;2015;31,47
Balears, Illes;Hombres;2014;37,59
Balears, Illes;Hombres;2013;33,58
Balears, Illes;Hombres;2012;29,73
Balears, Illes;Hombres;2011;33,25
Balears, Illes;Hombres;2010;42,46
Balears, Illes;Hombres;2009;45,90
Balears, Illes;Hombres;2008;48,09
Balears, Illes;Hombres;2007;48,83
Balears, Illes;Hombres;2006;43,93
Balears, Illes;Hombres;2005;47,63
Balears, Illes;Hombres;2004;50,52
Balears, Illes;Hombres;2003;52,02
Balears, Illes;Hombres;2002;49,32
Balears, Illes;Mujeres;2023;15,44
Balears, Illes;Mujeres;2022;13,41
Balears, Illes;Mujeres;2021;11,82
Balears, Illes;Mujeres;2020;12,40
Balears, Illes;Mujeres;2019;20,29
Balears, Illes;Mujeres;2018;21,75
Balears, Illes;Mujeres;2017;20,53
Balears, Illes;Mujeres;2016;18,12
Balears, Illes;Mujeres;2015;21,62
Balears, Illes;Mujeres;2014;26,23
Balears, Illes;Mujeres;2013;25,81
Balears, Illes;Mujeres;2012;28,12
Balears, Illes;Mujeres;2011;26,00
Balears, Illes;Mujeres;2010;30,30
Balears, Illes;Mujeres;2009;34,33
Balears, Illes;Mujeres;2008;36,74
Balears, Illes;Mujeres;2007;35,05
Balears, Illes;Mujeres;2006;27,38
Balears, Illes;Mujeres;2005;31,37
Balears, Illes;Mujeres;2004;33,25
Balears, Illes;Mujeres;2003;30,32
Balears, Illes;Mujeres;2002;29,41
Canarias;Ambos sexos;2023;14,74
Canarias;Ambos sexos;2022;12,31
Canarias;Ambos sexos;2021;11,97
Canarias;Ambos sexos;2020;18,22
Canarias;Ambos sexos;2019;20,78
Canarias;Ambos sexos;2018;20,93
Canarias;Ambos sexos;2017;17,55
Canarias;Ambos sexos;2016;18,85
Canarias;Ambos sexos;2015;21,93
Canarias;Ambos sexos;2014;23,81
Canarias;Ambos sexos;2013;27,47
Canarias;Ambos sexos;2012;28,03
Canarias;Ambos sexos;2011;30,86
Canarias;Ambos sexos;2010;29,79
Canarias;Ambos sexos;2009;30,70
Canarias;Ambos sexos;2008;34,14
Canarias;Ambos sexos;2007;36,44
Canarias;Ambos sexos;2006;34,89
Canarias;Ambos sexos;2005;30,77
Canarias;Ambos sexos;2004;33,28
Canarias;Ambos sexos;2003;33,10
Canarias;Ambos sexos;2002;33,65
Canarias;Hombres;2023;17,63
Canarias;Hombres;2022;17,40
Canarias;Hombres;2021;16,94
Canarias;Hombres;2020;21,76
Canarias;Hombres;2019;24,79
Canarias;Hombres;2018;23,88
Canarias;Hombres;2017;19,86
Canarias;Hombres;2016;24,55
Canarias;Hombres;2015;26,39
Canarias;Hombres;2014;26,43
Canarias;Hombres;2013;29,79
Canarias;Hombres;2012;29,50
Canarias;Hombres;2011;34,52
Canarias;Hombres;2010;36,40
Canarias;Hombres;2009;38,72
Canarias;Hombres;2008;43,95
Canarias;Hombres;2007;44,60
Canarias;Hombres;2006;40,01
Canarias;Hombres;2005;35,01
Canarias;Hombres;2004;39,74
Canarias;Hombres;2003;43,25
Canarias;Hombres;2002;42,19
Canarias;Mujeres;2023;11,74
Canarias;Mujeres;2022;7,11
Canarias;Mujeres;2021;6,37
Canarias;Mujeres;2020;14,69
Canarias;Mujeres;2019;16,68
Canarias;Mujeres;2018;18,06
Canarias;Mujeres;2017;15,27
Canarias;Mujeres;2016;13,13
Canarias;Mujeres;2015;17,48
Canarias;Mujeres;2014;21,12
Canarias;Mujeres;2013;25,12
Canarias;Mujeres;2012;26,54
Canarias;Mujeres;2011;27,09
Canarias;Mujeres;2010;22,92
Canarias;Mujeres;2009;22,67
Canarias;Mujeres;2008;24,26
Canarias;Mujeres;2007;27,87
Canarias;Mujeres;2006;29,72
Canarias;Mujeres;2005;26,37
Canarias;Mujeres;2004;26,64
Canarias;Mujeres;2003;22,95
Canarias;Mujeres;2002;25,11
Cantabria (3);Ambos sexos;2023;7,28
Cantabria (3);Ambos sexos;2022;8,98
Cantabria (3);Ambos sexos;2021;6,28
Cantabria (3);Ambos sexos;2020;9,13
Cantabria (3);Ambos sexos;2019;12,77
Cantabria (3);Ambos sexos;2018;9,78
Cantabria (3);Ambos sexos;2017;8,91
Cantabria (3);Ambos sexos;2016;8,57
Cantabria (3);Ambos sexos;2015;10,29
Cantabria (3);Ambos sexos;2014;9,69
Cantabria (3);Ambos sexos;2013;12,12
Cantabria (3);Ambos sexos;2012;14,17
Cantabria (3);Ambos sexos;2011;21,40
Cantabria (3);Ambos sexos;2010;23,87
Cantabria (3);Ambos sexos;2009;24,23
Cantabria (3);Ambos sexos;2008;22,92
Cantabria (3);Ambos sexos;2007;25,49
Cantabria (3);Ambos sexos;2006;23,54
Cantabria (3);Ambos sexos;2005;21,95
Cantabria (3);Ambos sexos;2004;26,67
Cantabria (3);Ambos sexos;2003;28,95
Cantabria (3);Ambos sexos;2002;26,45
Cantabria (3);Hombres;2023;8,78
Cantabria (3);Hombres;2022;10,13
Cantabria (3);Hombres;2021;6,80
Cantabria (3);Hombres;2020;11,76
Cantabria (3);Hombres;2019;14,40
Cantabria (3);Hombres;2018;8,94
Cantabria (3);Hombres;2017;12,32
Cantabria (3);Hombres;2016;8,84
Cantabria (3);Hombres;2015;12,65
Cantabria (3);Hombres;2014;12,11
Cantabria (3);Hombres;2013;13,57
Cantabria (3);Hombres;2012;17,16
Cantabria (3);Hombres;2011;27,46
Cantabria (3);Hombres;2010;30,15
Cantabria (3);Hombres;2009;32,19
Cantabria (3);Hombres;2008;30,93
Cantabria (3);Hombres;2007;32,17
Cantabria (3);Hombres;2006;29,46
Cantabria (3);Hombres;2005;26,64
Cantabria (3);Hombres;2004;32,14
Cantabria (3);Hombres;2003;37,43
Cantabria (3);Hombres;2002;36,07
Cantabria (3);Mujeres;2023;5,68
Cantabria (3);Mujeres;2022;7,68
Cantabria (3);Mujeres;2021;5,73
Cantabria (3);Mujeres;2020;6,48
Cantabria (3);Mujeres;2019;11,12
Cantabria (3);Mujeres;2018;10,68
Cantabria (3);Mujeres;2017;4,86
Cantabria (3);Mujeres;2016;8,28
Cantabria (3);Mujeres;2015;7,82
Cantabria (3);Mujeres;2014;6,95
Cantabria (3);Mujeres;2013;10,64
Cantabria (3);Mujeres;2012;10,95
Cantabria (3);Mujeres;2011;14,79
Cantabria (3);Mujeres;2010;17,40
Cantabria (3);Mujeres;2009;16,28
Cantabria (3);Mujeres;2008;15,04
Cantabria (3);Mujeres;2007;18,72
Cantabria (3);Mujeres;2006;16,83
Cantabria (3);Mujeres;2005;16,87
Cantabria (3);Mujeres;2004;20,88
Cantabria (3);Mujeres;2003;19,92
Cantabria (3);Mujeres;2002;16,40
Castilla y León;Ambos sexos;2023;10,34
Castilla y León;Ambos sexos;2022;10,69
Castilla y León;Ambos sexos;2021;12,73
Castilla y León;Ambos sexos;2020;15,41
Castilla y León;Ambos sexos;2019;14,30
Castilla y León;Ambos sexos;2018;13,92
Castilla y León;Ambos sexos;2017;16,67
Castilla y León;Ambos sexos;2016;17,28
Castilla y León;Ambos sexos;2015;16,72
Castilla y León;Ambos sexos;2014;16,77
Castilla y León;Ambos sexos;2013;19,21
Castilla y León;Ambos sexos;2012;21,70
Castilla y León;Ambos sexos;2011;27,50
Castilla y León;Ambos sexos;2010;23,39
Castilla y León;Ambos sexos;2009;26,91
Castilla y León;Ambos sexos;2008;26,36
Castilla y León;Ambos sexos;2007;23,65
Castilla y León;Ambos sexos;2006;23,63
Castilla y León;Ambos sexos;2005;25,37
Castilla y León;Ambos sexos;2004;23,35
Castilla y León;Ambos sexos;2003;24,05
Castilla y León;Ambos sexos;2002;22,89
Castilla y León;Hombres;2023;12,04
Castilla y León;Hombres;2022;12,78
Castilla y León;Hombres;2021;16,68
Castilla y León;Hombres;2020;18,61
Castilla y León;Hombres;2019;17,23
Castilla y León;Hombres;2018;18,06
Castilla y León;Hombres;2017;21,76
Castilla y León;Hombres;2016;20,00
Castilla y León;Hombres;2015;21,17
Castilla y León;Hombres;2014;21,03
Castilla y León;Hombres;2013;25,42
Castilla y León;Hombres;2012;28,28
Castilla y León;Hombres;2011;33,38
Castilla y León;Hombres;2010;27,63
Castilla y León;Hombres;2009;32,86
Castilla y León;Hombres;2008;32,32
Castilla y León;Hombres;2007;30,23
Castilla y León;Hombres;2006;30,13
Castilla y León;Hombres;2005;31,04
Castilla y León;Hombres;2004;29,39
Castilla y León;Hombres;2003;31,98
Castilla y León;Hombres;2002;28,64
Castilla y León;Mujeres;2023;8,61
Castilla y León;Mujeres;2022;8,41
Castilla y León;Mujeres;2021;8,36
Castilla y León;Mujeres;2020;12,08
Castilla y León;Mujeres;2019;11,28
Castilla y León;Mujeres;2018;9,62
Castilla y León;Mujeres;2017;11,41
Castilla y León;Mujeres;2016;14,43
Castilla y León;Mujeres;2015;11,92
Castilla y León;Mujeres;2014;12,36
Castilla y León;Mujeres;2013;12,71
Castilla y León;Mujeres;2012;14,68
Castilla y León;Mujeres;2011;21,24
Castilla y León;Mujeres;2010;19,04
Castilla y León;Mujeres;2009;20,85
Castilla y León;Mujeres;2008;20,22
Castilla y León;Mujeres;2007;16,80
Castilla y León;Mujeres;2006;16,76
Castilla y León;Mujeres;2005;19,31
Castilla y León;Mujeres;2004;17,01
Castilla y León;Mujeres;2003;15,77
Castilla y León;Mujeres;2002;16,76
Castilla-La Mancha;Ambos sexos;2023;16,64
Castilla-La Mancha;Ambos sexos;2022;16,21
Castilla-La Mancha;Ambos sexos;2021;15,53
Castilla-La Mancha;Ambos sexos;2020;18,68
Castilla-La Mancha;Ambos sexos;2019;20,25
Castilla-La Mancha;Ambos sexos;2018;20,50
Castilla-La Mancha;Ambos sexos;2017;22,06
Castilla-La Mancha;Ambos sexos;2016;23,25
Castilla-La Mancha;Ambos sexos;2015;20,81
Castilla-La Mancha;Ambos sexos;2014;22,25
Castilla-La Mancha;Ambos sexos;2013;27,39
Castilla-La Mancha;Ambos sexos;2012;27,54
Castilla-La Mancha;Ambos sexos;2011;31,55
Castilla-La Mancha;Ambos sexos;2010;33,42
Castilla-La Mancha;Ambos sexos;2009;34,65
Castilla-La Mancha;Ambos sexos;2008;38,41
Castilla-La Mancha;Ambos sexos;2007;37,34
Castilla-La Mancha;Ambos sexos;2006;38,76
Castilla-La Mancha;Ambos sexos;2005;36,76
Castilla-La Mancha;Ambos sexos;2004;37,36
Castilla-La Mancha;Ambos sexos;2003;36,33
Castilla-La Mancha;Ambos sexos;2002;36,73
Castilla-La Mancha;Hombres;2023;20,84
Castilla-La Mancha;Hombres;2022;17,85
Castilla-La Mancha;Hombres;2021;20,19
Castilla-La Mancha;Hombres;2020;23,15
Castilla-La Mancha;Hombres;2019;25,69
Castilla-La Mancha;Hombres;2018;24,84
Castilla-La Mancha;Hombres;2017;27,47
Castilla-La Mancha;Hombres;2016;26,67
Castilla-La Mancha;Hombres;2015;23,73
Castilla-La Mancha;Hombres;2014;25,76
Castilla-La Mancha;Hombres;2013;32,19
Castilla-La Mancha;Hombres;2012;34,18
Castilla-La Mancha;Hombres;2011;40,51
Castilla-La Mancha;Hombres;2010;43,41
Castilla-La Mancha;Hombres;2009;42,66
Castilla-La Mancha;Hombres;2008;46,33
Castilla-La Mancha;Hombres;2007;45,36
Castilla-La Mancha;Hombres;2006;47,92
Castilla-La Mancha;Hombres;2005;44,55
Castilla-La Mancha;Hombres;2004;45,99
Castilla-La Mancha;Hombres;2003;46,17
Castilla-La Mancha;Hombres;2002;46,00
Castilla-La Mancha;Mujeres;2023;11,90
Castilla-La Mancha;Mujeres;2022;14,48
Castilla-La Mancha;Mujeres;2021;10,69
Castilla-La Mancha;Mujeres;2020;13,86
Castilla-La Mancha;Mujeres;2019;14,37
Castilla-La Mancha;Mujeres;2018;15,53
Castilla-La Mancha;Mujeres;2017;16,33
Castilla-La Mancha;Mujeres;2016;19,65
Castilla-La Mancha;Mujeres;2015;17,69
Castilla-La Mancha;Mujeres;2014;18,48
Castilla-La Mancha;Mujeres;2013;22,35
Castilla-La Mancha;Mujeres;2012;20,62
Castilla-La Mancha;Mujeres;2011;22,21
Castilla-La Mancha;Mujeres;2010;22,69
Castilla-La Mancha;Mujeres;2009;25,94
Castilla-La Mancha;Mujeres;2008;29,88
Castilla-La Mancha;Mujeres;2007;28,74
Castilla-La Mancha;Mujeres;2006;28,87
Castilla-La Mancha;Mujeres;2005;28,28
Castilla-La Mancha;Mujeres;2004;27,67
Castilla-La Mancha;Mujeres;2003;25,67
Castilla-La Mancha;Mujeres;2002;26,79
Cataluña;Ambos sexos;2023;14,77
Cataluña;Ambos sexos;2022;17,49
Cataluña;Ambos sexos;2021;14,85
Cataluña;Ambos sexos;2020;17,39
Cataluña;Ambos sexos;2019;19,02
Cataluña;Ambos sexos;2018;17,02
Cataluña;Ambos sexos;2017;17,05
Cataluña;Ambos sexos;2016;18,00
Cataluña;Ambos sexos;2015;18,85
Cataluña;Ambos sexos;2014;22,21
Cataluña;Ambos sexos;2013;24,72
Cataluña;Ambos sexos;2012;24,21
Cataluña;Ambos sexos;2011;26,19
Cataluña;Ambos sexos;2010;28,93
Cataluña;Ambos sexos;2009;31,90
Cataluña;Ambos sexos;2008;32,90
Cataluña;Ambos sexos;2007;31,24
Cataluña;Ambos sexos;2006;28,48
Cataluña;Ambos sexos;2005;33,15
Cataluña;Ambos sexos;2004;34,10
Cataluña;Ambos sexos;2003;34,26
Cataluña;Ambos sexos;2002;31,31
Cataluña;Hombres;2023;17,12
Cataluña;Hombres;2022;20,24
Cataluña;Hombres;2021;19,67
Cataluña;Hombres;2020;23,24
Cataluña;Hombres;2019;24,74
Cataluña;Hombres;2018;21,46
Cataluña;Hombres;2017;19,57
Cataluña;Hombres;2016;21,65
Cataluña;Hombres;2015;21,79
Cataluña;Hombres;2014;26,71
Cataluña;Hombres;2013;30,51
Cataluña;Hombres;2012;28,45
Cataluña;Hombres;2011;31,09
Cataluña;Hombres;2010;34,79
Cataluña;Hombres;2009;38,43
Cataluña;Hombres;2008;39,81
Cataluña;Hombres;2007;37,20
Cataluña;Hombres;2006;34,54
Cataluña;Hombres;2005;41,24
Cataluña;Hombres;2004;41,13
Cataluña;Hombres;2003;42,00
Cataluña;Hombres;2002;36,27
Cataluña;Mujeres;2023;12,28
Cataluña;Mujeres;2022;14,65
Cataluña;Mujeres;2021;9,80
Cataluña;Mujeres;2020;11,09
Cataluña;Mujeres;2019;12,99
Cataluña;Mujeres;2018;12,49
Cataluña;Mujeres;2017;14,39
Cataluña;Mujeres;2016;14,22
Cataluña;Mujeres;2015;15,82
Cataluña;Mujeres;2014;17,54
Cataluña;Mujeres;2013;18,62
Cataluña;Mujeres;2012;19,75
Cataluña;Mujeres;2011;21,13
Cataluña;Mujeres;2010;22,83
Cataluña;Mujeres;2009;25,12
Cataluña;Mujeres;2008;25,69
Cataluña;Mujeres;2007;25,05
Cataluña;Mujeres;2006;22,25
Cataluña;Mujeres;2005;24,73
Cataluña;Mujeres;2004;26,64
Cataluña;Mujeres;2003;26,26
Cataluña;Mujeres;2002;26,04
Comunitat Valenciana;Ambos sexos;2023;14,99
Comunitat Valenciana;Ambos sexos;2022;16,03
Comunitat Valenciana;Ambos sexos;2021;13,17
Comunitat Valenciana;Ambos sexos;2020;15,48
Comunitat Valenciana;Ambos sexos;2019;16,43
Comunitat Valenciana;Ambos sexos;2018;20,23
Comunitat Valenciana;Ambos sexos;2017;20,33
Comunitat Valenciana;Ambos sexos;2016;20,16
Comunitat Valenciana;Ambos sexos;2015;21,44
Comunitat Valenciana;Ambos sexos;2014;23,38
Comunitat Valenciana;Ambos sexos;2013;21,68
Comunitat Valenciana;Ambos sexos;2012;25,86
Comunitat Valenciana;Ambos sexos;2011;26,69
Comunitat Valenciana;Ambos sexos;2010;28,36
Comunitat Valenciana;Ambos sexos;2009;31,94
Comunitat Valenciana;Ambos sexos;2008;32,60
Comunitat Valenciana;Ambos sexos;2007;31,22
Comunitat Valenciana;Ambos sexos;2006;31,13
Comunitat Valenciana;Ambos sexos;2005;32,18
Comunitat Valenciana;Ambos sexos;2004;35,66
Comunitat Valenciana;Ambos sexos;2003;35,78
Comunitat Valenciana;Ambos sexos;2002;36,03
Comunitat Valenciana;Hombres;2023;16,22
Comunitat Valenciana;Hombres;2022;18,44
Comunitat Valenciana;Hombres;2021;15,79
Comunitat Valenciana;Hombres;2020;19,00
Comunitat Valenciana;Hombres;2019;19,70
Comunitat Valenciana;Hombres;2018;24,20
Comunitat Valenciana;Hombres;2017;24,85
Comunitat Valenciana;Hombres;2016;24,43
Comunitat Valenciana;Hombres;2015;27,34
Comunitat Valenciana;Hombres;2014;28,32
Comunitat Valenciana;Hombres;2013;26,23
Comunitat Valenciana;Hombres;2012;29,41
Comunitat Valenciana;Hombres;2011;31,98
Comunitat Valenciana;Hombres;2010;33,14
Comunitat Valenciana;Hombres;2009;38,85
Comunitat Valenciana;Hombres;2008;38,22
Comunitat Valenciana;Hombres;2007;36,63
Comunitat Valenciana;Hombres;2006;39,02
Comunitat Valenciana;Hombres;2005;40,00
Comunitat Valenciana;Hombres;2004;44,40
Comunitat Valenciana;Hombres;2003;42,23
Comunitat Valenciana;Hombres;2002;42,41
Comunitat Valenciana;Mujeres;2023;13,69
Comunitat Valenciana;Mujeres;2022;13,44
Comunitat Valenciana;Mujeres;2021;10,39
Comunitat Valenciana;Mujeres;2020;11,63
Comunitat Valenciana;Mujeres;2019;12,83
Comunitat Valenciana;Mujeres;2018;16,08
Comunitat Valenciana;Mujeres;2017;15,39
Comunitat Valenciana;Mujeres;2016;15,50
Comunitat Valenciana;Mujeres;2015;15,37
Comunitat Valenciana;Mujeres;2014;18,00
Comunitat Valenciana;Mujeres;2013;16,98
Comunitat Valenciana;Mujeres;2012;22,26
Comunitat Valenciana;Mujeres;2011;21,32
Comunitat Valenciana;Mujeres;2010;23,52
Comunitat Valenciana;Mujeres;2009;24,69
Comunitat Valenciana;Mujeres;2008;26,81
Comunitat Valenciana;Mujeres;2007;25,52
Comunitat Valenciana;Mujeres;2006;23,09
Comunitat Valenciana;Mujeres;2005;24,03
Comunitat Valenciana;Mujeres;2004;26,69
Comunitat Valenciana;Mujeres;2003;28,96
Comunitat Valenciana;Mujeres;2002;29,36
Extremadura;Ambos sexos;2023;9,85
Extremadura;Ambos sexos;2022;10,64
Extremadura;Ambos sexos;2021;14,34
Extremadura;Ambos sexos;2020;18,37
Extremadura;Ambos sexos;2019;20,50
Extremadura;Ambos sexos;2018;20,90
Extremadura;Ambos sexos;2017;19,23
Extremadura;Ambos sexos;2016;20,42
Extremadura;Ambos sexos;2015;24,48
Extremadura;Ambos sexos;2014;22,93
Extremadura;Ambos sexos;2013;29,22
Extremadura;Ambos sexos;2012;32,63
Extremadura;Ambos sexos;2011;30,10
Extremadura;Ambos sexos;2010;31,59
Extremadura;Ambos sexos;2009;34,10
Extremadura;Ambos sexos;2008;33,80
Extremadura;Ambos sexos;2007;34,44
Extremadura;Ambos sexos;2006;35,77
Extremadura;Ambos sexos;2005;36,76
Extremadura;Ambos sexos;2004;39,25
Extremadura;Ambos sexos;2003;36,31
Extremadura;Ambos sexos;2002;38,10
Extremadura;Hombres;2023;12,06
Extremadura;Hombres;2022;14,52
Extremadura;Hombres;2021;19,08
Extremadura;Hombres;2020;24,44
Extremadura;Hombres;2019;27,54
Extremadura;Hombres;2018;27,72
Extremadura;Hombres;2017;26,74
Extremadura;Hombres;2016;24,25
Extremadura;Hombres;2015;29,43
Extremadura;Hombres;2014;29,85
Extremadura;Hombres;2013;36,34
Extremadura;Hombres;2012;42,09
Extremadura;Hombres;2011;37,57
Extremadura;Hombres;2010;38,92
Extremadura;Hombres;2009;40,42
Extremadura;Hombres;2008;39,44
Extremadura;Hombres;2007;41,23
Extremadura;Hombres;2006;45,48
Extremadura;Hombres;2005;44,37
Extremadura;Hombres;2004;49,20
Extremadura;Hombres;2003;45,44
Extremadura;Hombres;2002;44,91
Extremadura;Mujeres;2023;7,53
Extremadura;Mujeres;2022;6,69
Extremadura;Mujeres;2021;9,20
Extremadura;Mujeres;2020;12,03
Extremadura;Mujeres;2019;13,05
Extremadura;Mujeres;2018;13,87
Extremadura;Mujeres;2017;11,53
Extremadura;Mujeres;2016;16,41
Extremadura;Mujeres;2015;19,37
Extremadura;Mujeres;2014;15,45
Extremadura;Mujeres;2013;21,53
Extremadura;Mujeres;2012;22,67
Extremadura;Mujeres;2011;22,02
Extremadura;Mujeres;2010;23,66
Extremadura;Mujeres;2009;27,40
Extremadura;Mujeres;2008;27,82
Extremadura;Mujeres;2007;27,13
Extremadura;Mujeres;2006;25,57
Extremadura;Mujeres;2005;28,47
Extremadura;Mujeres;2004;29,05
Extremadura;Mujeres;2003;27,11
Extremadura;Mujeres;2002;30,98
Galicia;Ambos sexos;2023;9,06
Galicia;Ambos sexos;2022;9,89
Galicia;Ambos sexos;2021;8,70
Galicia;Ambos sexos;2020;11,97
Galicia;Ambos sexos;2019;12,58
Galicia;Ambos sexos;2018;14,29
Galicia;Ambos sexos;2017;14,92
Galicia;Ambos sexos;2016;15,20
Galicia;Ambos sexos;2015;17,03
Galicia;Ambos sexos;2014;18,54
Galicia;Ambos sexos;2013;20,21
Galicia;Ambos sexos;2012;22,73
Galicia;Ambos sexos;2011;20,41
Galicia;Ambos sexos;2010;22,76
Galicia;Ambos sexos;2009;25,83
Galicia;Ambos sexos;2008;23,60
Galicia;Ambos sexos;2007;23,53
Galicia;Ambos sexos;2006;24,54
Galicia;Ambos sexos;2005;22,93
Galicia;Ambos sexos;2004;24,26
Galicia;Ambos sexos;2003;24,99
Galicia;Ambos sexos;2002;27,26
Galicia;Hombres;2023;11,72
Galicia;Hombres;2022;11,33
Galicia;Hombres;2021;11,60
Galicia;Hombres;2020;15,46
Galicia;Hombres;2019;16,75
Galicia;Hombres;2018;16,98
Galicia;Hombres;2017;17,94
Galicia;Hombres;2016;19,14
Galicia;Hombres;2015;21,90
Galicia;Hombres;2014;21,67
Galicia;Hombres;2013;24,91
Galicia;Hombres;2012;26,74
Galicia;Hombres;2011;25,32
Galicia;Hombres;2010;27,62
Galicia;Hombres;2009;31,92
Galicia;Hombres;2008;32,02
Galicia;Hombres;2007;32,96
Galicia;Hombres;2006;34,18
Galicia;Hombres;2005;29,75
Galicia;Hombres;2004;32,49
Galicia;Hombres;2003;32,11
Galicia;Hombres;2002;35,96
Galicia;Mujeres;2023;6,14
Galicia;Mujeres;2022;8,34
Galicia;Mujeres;2021;5,66
Galicia;Mujeres;2020;8,22
Galicia;Mujeres;2019;8,18
Galicia;Mujeres;2018;11,40
Galicia;Mujeres;2017;11,80
Galicia;Mujeres;2016;11,20
Galicia;Mujeres;2015;11,86
Galicia;Mujeres;2014;15,18
Galicia;Mujeres;2013;15,05
Galicia;Mujeres;2012;18,49
Galicia;Mujeres;2011;15,26
Galicia;Mujeres;2010;17,74
Galicia;Mujeres;2009;19,46
Galicia;Mujeres;2008;14,98
Galicia;Mujeres;2007;13,90
Galicia;Mujeres;2006;14,46
Galicia;Mujeres;2005;15,97
Galicia;Mujeres;2004;15,48
Galicia;Mujeres;2003;17,69
Galicia;Mujeres;2002;18,41
Madrid, Comunidad de;Ambos sexos;2023;11,38
Madrid, Comunidad de;Ambos sexos;2022;11,21
Madrid, Comunidad de;Ambos sexos;2021;9,78
Madrid, Comunidad de;Ambos sexos;2020;9,97
Madrid, Comunidad de;Ambos sexos;2019;11,86
Madrid, Comunidad de;Ambos sexos;2018;14,42
Madrid, Comunidad de;Ambos sexos;2017;13,88
Madrid, Comunidad de;Ambos sexos;2016;14,61
Madrid, Comunidad de;Ambos sexos;2015;15,55
Madrid, Comunidad de;Ambos sexos;2014;18,34
Madrid, Comunidad de;Ambos sexos;2013;19,75
Madrid, Comunidad de;Ambos sexos;2012;21,52
Madrid, Comunidad de;Ambos sexos;2011;19,52
Madrid, Comunidad de;Ambos sexos;2010;22,26
Madrid, Comunidad de;Ambos sexos;2009;26,17
Madrid, Comunidad de;Ambos sexos;2008;27,11
Madrid, Comunidad de;Ambos sexos;2007;25,82
Madrid, Comunidad de;Ambos sexos;2006;25,84
Madrid, Comunidad de;Ambos sexos;2005;26,36
Madrid, Comunidad de;Ambos sexos;2004;25,61
Madrid, Comunidad de;Ambos sexos;2003;22,96
Madrid, Comunidad de;Ambos sexos;2002;24,31
Madrid, Comunidad de;Hombres;2023;11,94
Madrid, Comunidad de;Hombres;2022;13,50
Madrid, Comunidad de;Hombres;2021;12,53
Madrid, Comunidad de;Hombres;2020;12,62
Madrid, Comunidad de;Hombres;2019;13,76
Madrid, Comunidad de;Hombres;2018;17,80
Madrid, Comunidad de;Hombres;2017;16,13
Madrid, Comunidad de;Hombres;2016;17,54
Madrid, Comunidad de;Hombres;2015;20,00
Madrid, Comunidad de;Hombres;2014;20,98
Madrid, Comunidad de;Hombres;2013;20,48
Madrid, Comunidad de;Hombres;2012;24,95
Madrid, Comunidad de;Hombres;2011;22,19
Madrid, Comunidad de;Hombres;2010;26,48
Madrid, Comunidad de;Hombres;2009;32,94
Madrid, Comunidad de;Hombres;2008;32,90
Madrid, Comunidad de;Hombres;2007;29,07
Madrid, Comunidad de;Hombres;2006;29,69
Madrid, Comunidad de;Hombres;2005;28,74
Madrid, Comunidad de;Hombres;2004;30,26
Madrid, Comunidad de;Hombres;2003;27,16
Madrid, Comunidad de;Hombres;2002;29,67
Madrid, Comunidad de;Mujeres;2023;10,81
Madrid, Comunidad de;Mujeres;2022;8,85
Madrid, Comunidad de;Mujeres;2021;6,87
Madrid, Comunidad de;Mujeres;2020;7,24
Madrid, Comunidad de;Mujeres;2019;9,92
Madrid, Comunidad de;Mujeres;2018;11,03
Madrid, Comunidad de;Mujeres;2017;11,54
Madrid, Comunidad de;Mujeres;2016;11,68
Madrid, Comunidad de;Mujeres;2015;11,23
Madrid, Comunidad de;Mujeres;2014;15,69
Madrid, Comunidad de;Mujeres;2013;19,00
Madrid, Comunidad de;Mujeres;2012;18,07
Madrid, Comunidad de;Mujeres;2011;16,87
Madrid, Comunidad de;Mujeres;2010;18,11
Madrid, Comunidad de;Mujeres;2009;19,37
Madrid, Comunidad de;Mujeres;2008;21,35
Madrid, Comunidad de;Mujeres;2007;22,46
Madrid, Comunidad de;Mujeres;2006;21,84
Madrid, Comunidad de;Mujeres;2005;23,88
Madrid, Comunidad de;Mujeres;2004;20,79
Madrid, Comunidad de;Mujeres;2003;18,74
Madrid, Comunidad de;Mujeres;2002;18,74
Murcia, Región de;Ambos sexos;2023;19,22
Murcia, Región de;Ambos sexos;2022;18,44
Murcia, Región de;Ambos sexos;2021;16,63
Murcia, Región de;Ambos sexos;2020;18,66
Murcia, Región de;Ambos sexos;2019;22,64
Murcia, Región de;Ambos sexos;2018;24,06
Murcia, Región de;Ambos sexos;2017;23,05
Murcia, Región de;Ambos sexos;2016;26,43
Murcia, Región de;Ambos sexos;2015;23,58
Murcia, Región de;Ambos sexos;2014;24,13
Murcia, Región de;Ambos sexos;2013;26,34
Murcia, Región de;Ambos sexos;2012;26,93
Murcia, Región de;Ambos sexos;2011;30,30
Murcia, Región de;Ambos sexos;2010;34,92
Murcia, Región de;Ambos sexos;2009;36,80
Murcia, Región de;Ambos sexos;2008;40,56
Murcia, Región de;Ambos sexos;2007;39,20
Murcia, Región de;Ambos sexos;2006;38,55
Murcia, Región de;Ambos sexos;2005;39,76
Murcia, Región de;Ambos sexos;2004;43,58
Murcia, Región de;Ambos sexos;2003;42,84
Murcia, Región de;Ambos sexos;2002;39,41
Murcia, Región de;Hombres;2023;22,11
Murcia, Región de;Hombres;2022;23,55
Murcia, Región de;Hombres;2021;20,88
Murcia, Región de;Hombres;2020;22,39
Murcia, Región de;Hombres;2019;28,49
Murcia, Región de;Hombres;2018;30,78
Murcia, Región de;Hombres;2017;22,76
Murcia, Región de;Hombres;2016;30,87
Murcia, Región de;Hombres;2015;30,49
Murcia, Región de;Hombres;2014;28,35
Murcia, Región de;Hombres;2013;30,59
Murcia, Región de;Hombres;2012;32,47
Murcia, Región de;Hombres;2011;33,04
Murcia, Región de;Hombres;2010;39,20
Murcia, Región de;Hombres;2009;41,28
Murcia, Región de;Hombres;2008;49,65
Murcia, Región de;Hombres;2007;44,91
Murcia, Región de;Hombres;2006;42,22
Murcia, Región de;Hombres;2005;45,78
Murcia, Región de;Hombres;2004;50,54
Murcia, Región de;Hombres;2003;47,36
Murcia, Región de;Hombres;2002;46,00
Murcia, Región de;Mujeres;2023;15,97
Murcia, Región de;Mujeres;2022;12,85
Murcia, Región de;Mujeres;2021;11,99
Murcia, Región de;Mujeres;2020;14,47
Murcia, Región de;Mujeres;2019;16,32
Murcia, Región de;Mujeres;2018;16,70
Murcia, Región de;Mujeres;2017;23,36
Murcia, Región de;Mujeres;2016;21,71
Murcia, Región de;Mujeres;2015;16,37
Murcia, Región de;Mujeres;2014;19,64
Murcia, Región de;Mujeres;2013;21,79
Murcia, Región de;Mujeres;2012;21,04
Murcia, Región de;Mujeres;2011;27,37
Murcia, Región de;Mujeres;2010;30,40
Murcia, Región de;Mujeres;2009;32,22
Murcia, Región de;Mujeres;2008;31,33
Murcia, Región de;Mujeres;2007;33,16
Murcia, Región de;Mujeres;2006;34,47
Murcia, Región de;Mujeres;2005;33,09
Murcia, Región de;Mujeres;2004;35,70
Murcia, Región de;Mujeres;2003;37,89
Murcia, Región de;Mujeres;2002;32,17
Navarra, Comunidad Foral de (3);Ambos sexos;2023;6,47
Navarra, Comunidad Foral de (3);Ambos sexos;2022;5,23
Navarra, Comunidad Foral de (3);Ambos sexos;2021;8,44
Navarra, Comunidad Foral de (3);Ambos sexos;2020;10,78
Navarra, Comunidad Foral de (3);Ambos sexos;2019;13,95
Navarra, Comunidad Foral de (3);Ambos sexos;2018;11,38
Navarra, Comunidad Foral de (3);Ambos sexos;2017;11,27
Navarra, Comunidad Foral de (3);Ambos sexos;2016;13,39
Navarra, Comunidad Foral de (3);Ambos sexos;2015;10,79
Navarra, Comunidad Foral de (3);Ambos sexos;2014;11,76
Navarra, Comunidad Foral de (3);Ambos sexos;2013;12,85
Navarra, Comunidad Foral de (3);Ambos sexos;2012;12,95
Navarra, Comunidad Foral de (3);Ambos sexos;2011;12,03
Navarra, Comunidad Foral de (3);Ambos sexos;2010;16,85
Navarra, Comunidad Foral de (3);Ambos sexos;2009;18,74
Navarra, Comunidad Foral de (3);Ambos sexos;2008;18,77
Navarra, Comunidad Foral de (3);Ambos sexos;2007;16,26
Navarra, Comunidad Foral de (3);Ambos sexos;2006;12,98
Navarra, Comunidad Foral de (3);Ambos sexos;2005;17,87
Navarra, Comunidad Foral de (3);Ambos sexos;2004;21,04
Navarra, Comunidad Foral de (3);Ambos sexos;2003;20,99
Navarra, Comunidad Foral de (3);Ambos sexos;2002;21,78
Navarra, Comunidad Foral de (3);Hombres;2023;9,43
Navarra, Comunidad Foral de (3);Hombres;2022;7,30
Navarra, Comunidad Foral de (3);Hombres;2021;11,08
Navarra, Comunidad Foral de (3);Hombres;2020;13,91
Navarra, Comunidad Foral de (3);Hombres;2019;17,81
Navarra, Comunidad Foral de (3);Hombres;2018;12,42
Navarra, Comunidad Foral de (3);Hombres;2017;14,06
Navarra, Comunidad Foral de (3);Hombres;2016;16,90
Navarra, Comunidad Foral de (3);Hombres;2015;13,13
Navarra, Comunidad Foral de (3);Hombres;2014;13,92
Navarra, Comunidad Foral de (3);Hombres;2013;13,90
Navarra, Comunidad Foral de (3);Hombres;2012;16,54
Navarra, Comunidad Foral de (3);Hombres;2011;15,53
Navarra, Comunidad Foral de (3);Hombres;2010;23,43
Navarra, Comunidad Foral de (3);Hombres;2009;19,79
Navarra, Comunidad Foral de (3);Hombres;2008;23,35
Navarra, Comunidad Foral de (3);Hombres;2007;19,24
Navarra, Comunidad Foral de (3);Hombres;2006;14,40
Navarra, Comunidad Foral de (3);Hombres;2005;18,16
Navarra, Comunidad Foral de (3);Hombres;2004;30,29
Navarra, Comunidad Foral de (3);Hombres;2003;25,46
Navarra, Comunidad Foral de (3);Hombres;2002;23,35
Navarra, Comunidad Foral de (3);Mujeres;2023;3,65
Navarra, Comunidad Foral de (3);Mujeres;2022;3,13
Navarra, Comunidad Foral de (3);Mujeres;2021;5,76
Navarra, Comunidad Foral de (3);Mujeres;2020;7,85
Navarra, Comunidad Foral de (3);Mujeres;2019;10,06
Navarra, Comunidad Foral de (3);Mujeres;2018;10,31
Navarra, Comunidad Foral de (3);Mujeres;2017;8,32
Navarra, Comunidad Foral de (3);Mujeres;2016;9,83
Navarra, Comunidad Foral de (3);Mujeres;2015;8,54
Navarra, Comunidad Foral de (3);Mujeres;2014;9,51
Navarra, Comunidad Foral de (3);Mujeres;2013;11,79
Navarra, Comunidad Foral de (3);Mujeres;2012;9,44
Navarra, Comunidad Foral de (3);Mujeres;2011;8,59
Navarra, Comunidad Foral de (3);Mujeres;2010;10,18
Navarra, Comunidad Foral de (3);Mujeres;2009;17,64
Navarra, Comunidad Foral de (3);Mujeres;2008;14,00
Navarra, Comunidad Foral de (3);Mujeres;2007;13,10
Navarra, Comunidad Foral de (3);Mujeres;2006;11,48
Navarra, Comunidad Foral de (3);Mujeres;2005;17,58
Navarra, Comunidad Foral de (3);Mujeres;2004;11,77
Navarra, Comunidad Foral de (3);Mujeres;2003;16,23
Navarra, Comunidad Foral de (3);Mujeres;2002;20,12
País Vasco;Ambos sexos;2023;6,66
País Vasco;Ambos sexos;2022;6,14
País Vasco;Ambos sexos;2021;5,31
País Vasco;Ambos sexos;2020;6,51
País Vasco;Ambos sexos;2019;6,75
País Vasco;Ambos sexos;2018;6,94
País Vasco;Ambos sexos;2017;7,02
País Vasco;Ambos sexos;2016;7,90
País Vasco;Ambos sexos;2015;9,65
País Vasco;Ambos sexos;2014;9,42
País Vasco;Ambos sexos;2013;9,88
País Vasco;Ambos sexos;2012;12,38
País Vasco;Ambos sexos;2011;13,83
País Vasco;Ambos sexos;2010;13,14
País Vasco;Ambos sexos;2009;16,59
País Vasco;Ambos sexos;2008;14,78
País Vasco;Ambos sexos;2007;14,35
País Vasco;Ambos sexos;2006;14,59
País Vasco;Ambos sexos;2005;14,69
País Vasco;Ambos sexos;2004;13,80
País Vasco;Ambos sexos;2003;15,95
País Vasco;Ambos sexos;2002;13,38
País Vasco;Hombres;2023;7,50
País Vasco;Hombres;2022;7,20
País Vasco;Hombres;2021;5,32
País Vasco;Hombres;2020;8,51
País Vasco;Hombres;2019;9,10
País Vasco;Hombres;2018;9,35
País Vasco;Hombres;2017;8,49
País Vasco;Hombres;2016;10,70
País Vasco;Hombres;2015;11,88
País Vasco;Hombres;2014;11,82
País Vasco;Hombres;2013;12,42
País Vasco;Hombres;2012;13,00
País Vasco;Hombres;2011;14,24
País Vasco;Hombres;2010;13,67
País Vasco;Hombres;2009;21,68
País Vasco;Hombres;2008;18,13
País Vasco;Hombres;2007;18,65
País Vasco;Hombres;2006;20,32
País Vasco;Hombres;2005;19,21
País Vasco;Hombres;2004;18,74
País Vasco;Hombres;2003;20,48
País Vasco;Hombres;2002;17,28
País Vasco;Mujeres;2023;5,75
País Vasco;Mujeres;2022;5,01
País Vasco;Mujeres;2021;5,29
País Vasco;Mujeres;2020;4,33
País Vasco;Mujeres;2019;4,27
País Vasco;Mujeres;2018;4,46
País Vasco;Mujeres;2017;5,46
País Vasco;Mujeres;2016;4,97
País Vasco;Mujeres;2015;7,36
País Vasco;Mujeres;2014;6,95
País Vasco;Mujeres;2013;7,31
País Vasco;Mujeres;2012;11,75
País Vasco;Mujeres;2011;13,41
País Vasco;Mujeres;2010;12,61
País Vasco;Mujeres;2009;11,47
País Vasco;Mujeres;2008;11,34
País Vasco;Mujeres;2007;9,82
País Vasco;Mujeres;2006;8,70
País Vasco;Mujeres;2005;9,85
País Vasco;Mujeres;2004;8,53
País Vasco;Mujeres;2003;10,99
País Vasco;Mujeres;2002;9,27
Rioja, La (3);Ambos sexos;2023;9,67
Rioja, La (3);Ambos sexos;2022;11,76
Rioja, La (3);Ambos sexos;2021;13,13
Rioja, La (3);Ambos sexos;2020;14,59
Rioja, La (3);Ambos sexos;2019;13,94
Rioja, La (3);Ambos sexos;2018;17,11
Rioja, La (3);Ambos sexos;2017;12,87
Rioja, La (3);Ambos sexos;2016;17,78
Rioja, La (3);Ambos sexos;2015;21,54
Rioja, La (3);Ambos sexos;2014;21,14
Rioja, La (3);Ambos sexos;2013;21,66
Rioja, La (3);Ambos sexos;2012;24,30
Rioja, La (3);Ambos sexos;2011;30,61
Rioja, La (3);Ambos sexos;2010;27,24
Rioja, La (3);Ambos sexos;2009;31,94
Rioja, La (3);Ambos sexos;2008;37,04
Rioja, La (3);Ambos sexos;2007;30,60
Rioja, La (3);Ambos sexos;2006;26,57
Rioja, La (3);Ambos sexos;2005;29,72
Rioja, La (3);Ambos sexos;2004;36,34
Rioja, La (3);Ambos sexos;2003;35,09
Rioja, La (3);Ambos sexos;2002;28,00
Rioja, La (3);Hombres;2023;15,15
Rioja, La (3);Hombres;2022;15,93
Rioja, La (3);Hombres;2021;13,50
Rioja, La (3);Hombres;2020;17,94
Rioja, La (3);Hombres;2019;17,65
Rioja, La (3);Hombres;2018;18,16
Rioja, La (3);Hombres;2017;15,91
Rioja, La (3);Hombres;2016;17,74
Rioja, La (3);Hombres;2015;32,37
Rioja, La (3);Hombres;2014;28,05
Rioja, La (3);Hombres;2013;24,83
Rioja, La (3);Hombres;2012;27,27
Rioja, La (3);Hombres;2011;36,11
Rioja, La (3);Hombres;2010;27,66
Rioja, La (3);Hombres;2009;35,29
Rioja, La (3);Hombres;2008;42,30
Rioja, La (3);Hombres;2007;34,83
Rioja, La (3);Hombres;2006;31,68
Rioja, La (3);Hombres;2005;39,56
Rioja, La (3);Hombres;2004;43,75
Rioja, La (3);Hombres;2003;39,11
Rioja, La (3);Hombres;2002;36,55
Rioja, La (3);Mujeres;2023;3,85
Rioja, La (3);Mujeres;2022;7,69
Rioja, La (3);Mujeres;2021;12,78
Rioja, La (3);Mujeres;2020;10,93
Rioja, La (3);Mujeres;2019;10,22
Rioja, La (3);Mujeres;2018;16,14
Rioja, La (3);Mujeres;2017;9,73
Rioja, La (3);Mujeres;2016;17,81
Rioja, La (3);Mujeres;2015;10,84
Rioja, La (3);Mujeres;2014;14,20
Rioja, La (3);Mujeres;2013;18,37
Rioja, La (3);Mujeres;2012;21,28
Rioja, La (3);Mujeres;2011;25,41
Rioja, La (3);Mujeres;2010;26,81
Rioja, La (3);Mujeres;2009;28,46
Rioja, La (3);Mujeres;2008;31,58
Rioja, La (3);Mujeres;2007;26,03
Rioja, La (3);Mujeres;2006;21,13
Rioja, La (3);Mujeres;2005;19,57
Rioja, La (3);Mujeres;2004;28,17
Rioja, La (3);Mujeres;2003;30,67
Rioja, La (3);Mujeres;2002;18,62
Ceuta (3);Ambos sexos;2023;21,21
Ceuta (3);Ambos sexos;2022;19,50
Ceuta (3);Ambos sexos;2021;14,56
Ceuta (3);Ambos sexos;2020;25,55
Ceuta (3);Ambos sexos;2019;24,71
Ceuta (3);Ambos sexos;2018;23,37
Ceuta (3);Ambos sexos;2017;20,10
Ceuta (3);Ambos sexos;2016;21,52
Ceuta (3);Ambos sexos;2015;29,83
Ceuta (3);Ambos sexos;2014;29,50
Ceuta (3);Ambos sexos;2013;33,50
Ceuta (3);Ambos sexos;2012;38,50
Ceuta (3);Ambos sexos;2011;38,90
Ceuta (3);Ambos sexos;2010;45,80
Ceuta (3);Ambos sexos;2009;34,10
Ceuta (3);Ambos sexos;2008;42,70
Ceuta (3);Ambos sexos;2007;49,10
Ceuta (3);Ambos sexos;2006;54,90
Ceuta (3);Ambos sexos;2005;55,20
Ceuta (3);Ambos sexos;2004;41,90
Ceuta (3);Ambos sexos;2003;46,00
Ceuta (3);Ambos sexos;2002;43,50
Ceuta (3);Hombres;2023;..
Ceuta (3);Hombres;2022;26,13
Ceuta (3);Hombres;2021;..
Ceuta (3);Hombres;2020;26,14
Ceuta (3);Hombres;2019;27,83
Ceuta (3);Hombres;2018;..
Ceuta (3);Hombres;2017;..
Ceuta (3);Hombres;2016;..
Ceuta (3);Hombres;2015;30,41
Ceuta (3);Hombres;2014;38,40
Ceuta (3);Hombres;2013;35,90
Ceuta (3);Hombres;2012;38,60
Ceuta (3);Hombres;2011;41,10
Ceuta (3);Hombres;2010;50,80
Ceuta (3);Hombres;2009;38,90
Ceuta (3);Hombres;2008;37,00
Ceuta (3);Hombres;2007;45,10
Ceuta (3);Hombres;2006;63,90
Ceuta (3);Hombres;2005;63,70
Ceuta (3);Hombres;2004;52,00
Ceuta (3);Hombres;2003;48,50
Ceuta (3);Hombres;2002;47,00
Ceuta (3);Mujeres;2023;..
Ceuta (3);Mujeres;2022;..
Ceuta (3);Mujeres;2021;..
Ceuta (3);Mujeres;2020;..
Ceuta (3);Mujeres;2019;..
Ceuta (3);Mujeres;2018;..
Ceuta (3);Mujeres;2017;..
Ceuta (3);Mujeres;2016;..
Ceuta (3);Mujeres;2015;29,37
Ceuta (3);Mujeres;2014;..
Ceuta (3);Mujeres;2013;30,90
Ceuta (3);Mujeres;2012;38,30
Ceuta (3);Mujeres;2011;36,40
Ceuta (3);Mujeres;2010;39,50
Ceuta (3);Mujeres;2009;..
Ceuta (3);Mujeres;2008;47,90
Ceuta (3);Mujeres;2007;53,80
Ceuta (3);Mujeres;2006;46,00
Ceuta (3);Mujeres;2005;45,60
Ceuta (3);Mujeres;2004;31,40
Ceuta (3);Mujeres;2003;42,80
Ceuta (3);Mujeres;2002;39,30
Melilla (3);Ambos sexos;2023;20,41
Melilla (3);Ambos sexos;2022;14,96
Melilla (3);Ambos sexos;2021;..
Melilla (3);Ambos sexos;2020;22,83
Melilla (3);Ambos sexos;2019;24,12
Melilla (3);Ambos sexos;2018;29,54
Melilla (3);Ambos sexos;2017;27,51
Melilla (3);Ambos sexos;2016;24,38
Melilla (3);Ambos sexos;2015;24,11
Melilla (3);Ambos sexos;2014;19,60
Melilla (3);Ambos sexos;2013;33,10
Melilla (3);Ambos sexos;2012;32,60
Melilla (3);Ambos sexos;2011;19,30
Melilla (3);Ambos sexos;2010;35,40
Melilla (3);Ambos sexos;2009;36,70
Melilla (3);Ambos sexos;2008;35,50
Melilla (3);Ambos sexos;2007;46,80
Melilla (3);Ambos sexos;2006;40,30
Melilla (3);Ambos sexos;2005;33,50
Melilla (3);Ambos sexos;2004;40,80
Melilla (3);Ambos sexos;2003;34,70
Melilla (3);Ambos sexos;2002;28,00
Melilla (3);Hombres;2023;22,07
Melilla (3);Hombres;2022;..
Melilla (3);Hombres;2021;..
Melilla (3);Hombres;2020;..
Melilla (3);Hombres;2019;..
Melilla (3);Hombres;2018;31,86
Melilla (3);Hombres;2017;22,60
Melilla (3);Hombres;2016;26,76
Melilla (3);Hombres;2015;34,36
Melilla (3);Hombres;2014;..
Melilla (3);Hombres;2013;30,70
Melilla (3);Hombres;2012;38,00
Melilla (3);Hombres;2011;..
Melilla (3);Hombres;2010;38,60
Melilla (3);Hombres;2009;45,20
Melilla (3);Hombres;2008;48,70
Melilla (3);Hombres;2007;49,70
Melilla (3);Hombres;2006;35,60
Melilla (3);Hombres;2005;31,00
Melilla (3);Hombres;2004;43,70
Melilla (3);Hombres;2003;39,50
Melilla (3);Hombres;2002;29,10
Melilla (3);Mujeres;2023;..
Melilla (3);Mujeres;2022;..
Melilla (3);Mujeres;2021;..
Melilla (3);Mujeres;2020;..
Melilla (3);Mujeres;2019;..
Melilla (3);Mujeres;2018;..
Melilla (3);Mujeres;2017;32,64
Melilla (3);Mujeres;2016;..
Melilla (3);Mujeres;2015;..
Melilla (3);Mujeres;2014;..
Melilla (3);Mujeres;2013;35,50
Melilla (3);Mujeres;2012;26,80
Melilla (3);Mujeres;2011;..
Melilla (3);Mujeres;2010;32,70
Melilla (3);Mujeres;2009;..
Melilla (3);Mujeres;2008;..
Melilla (3);Mujeres;2007;44,40
Melilla (3);Mujeres;2006;45,30
Melilla (3);Mujeres;2005;35,60
Melilla (3);Mujeres;2004;38,00
Melilla (3);Mujeres;2003;30,50
Melilla (3);Mujeres;2002;27,00
